id;product_name
1;Beef - Salted
2;Lamb - Leg, Boneless
3;Dooleys Toffee
4;Chick Peas - Canned
5;Beef - Ground Medium
6;Caviar - Salmon
7;Sesame Seed
8;Pork - Shoulder
9;Mix - Cocktail Strawberry Daiquiri
10;Hummus - Spread
11;Cheese - Goat With Herbs
12;Buffalo - Tenderloin
13;Macaroons - Homestyle Two Bit
14;Wine - Delicato Merlot
15;Mop Head - Cotton, 24 Oz
16;Beef - Striploin
17;Pie Filling - Pumpkin
18;Samosa - Veg
19;Muffin Hinge - 211n
20;Cake - Mini Cheesecake
21;Wine - Rhine Riesling Wolf Blass
22;Wine - White Cab Sauv.on
23;Wine - Chablis J Moreau Et Fils
24;Hagen Daza - Dk Choocolate
25;Creme De Menthe Green
26;Zucchini - Mini, Green
27;Salad Dressing
28;Dehydrated Kelp Kombo
29;Soap - Hand Soap
30;Syrup - Monin - Blue Curacao
31;Chef Hat 20cm
32;Pepper - Red Bell
33;Parsley Italian - Fresh
34;Onion Powder
35;Pasta - Orecchiette
36;Wine - Placido Pinot Grigo
37;Pork - Loin, Center Cut
38;Bread - Raisin
39;Toamtoes 6x7 Select
40;Lettuce - Belgian Endive
41;Plastic Wrap
42;Meldea Green Tea Liquor
43;Cinnamon - Ground
44;Dr. Pepper - 355ml
45;Tea - Herbal - 6 Asst
46;Plasticspoonblack
47;Bread - Olive
48;Container - Hngd Cll Blk 7x7x3
49;Cheese Cloth No 100
50;Vermouth - White, Cinzano
51;Potatoes - Pei 10 Oz
52;Nestea - Ice Tea, Diet
53;Tea - Grapefruit Green Tea
54;Cheese - Le Cheve Noir
55;Flour - Teff
56;Muffin Orange Individual
57;Pike - Frozen Fillet
58;Chip - Potato Dill Pickle
59;Table Cloth 53x53 White
60;Table Cloth 53x53 White
61;Chestnuts - Whole,canned
62;Pork Loin Bine - In Frenched
63;Nestea - Iced Tea
64;Jolt Cola
65;Eggs - Extra Large
66;Table Cloth 62x114 White
67;Beans - Fava, Canned
68;Cheese - Camembert
69;Bread - Roll, Whole Wheat
70;Shrimp - Prawn
71;Scallops - In Shell
72;Butter - Unsalted
73;Cheese - Gouda Smoked
74;Danishes - Mini Raspberry
75;Bar Mix - Lime
76;Pasta - Penne, Lisce, Dry
77;Chocolate Bar - Oh Henry
78;Snapple - Iced Tea Peach
79;Chambord Royal
80;Sobe - Orange Carrot
81;Knife Plastic - White
82;Bread - Hamburger Buns
83;French Pastry - Mini Chocolate
84;Chick Peas - Dried
85;Island Oasis - Strawberry
86;Tamarillo
87;Sea Urchin
88;Flower - Dish Garden
89;Muffin Mix - Carrot
90;Curry Powder Madras
91;Oysters - Smoked
92;Coffee - Decaffeinato Coffee
93;Truffle Shells - White Chocolate
94;Milk - Buttermilk
95;Muffin - Zero Transfat
96;Goat - Leg
97;Currants
98;Wine - Jackson Triggs Okonagan
99;Beef - Kindney, Whole
100;Veal - Osso Bucco
101;Potatoes - Idaho 100 Count
102;Shrimp - Prawn
103;Pork - Belly Fresh
104;Table Cloth 90x90 White
105;Longos - Chicken Cordon Bleu
106;Wine - Penfolds Koonuga Hill
107;Cheese - Romano, Grated
108;Flower - Commercial Bronze
109;Wine - Cabernet Sauvignon
110;Wine - White, Gewurtzraminer
111;Sparkling Wine - Rose, Freixenet
112;Wine - Sawmill Creek Autumn
113;Bread - Italian Corn Meal Poly
114;Scampi Tail
115;Kaffir Lime Leaves
116;Shichimi Togarashi Peppeers
117;Ham - Virginia
118;Wonton Wrappers
119;Arctic Char - Fillets
120;Squash - Pepper
121;Temperature Recording Station
122;Initation Crab Meat
123;Avocado
124;Coffee - Ristretto Coffee Capsule
125;Pepper - Orange
126;Port - 74 Brights
127;Uniform Linen Charge
128;Ice Cream - Turtles Stick Bar
129;Syrup - Kahlua Chocolate
130;Onions - Vidalia
131;Plasticspoonblack
132;Trout Rainbow Whole
133;Sprouts - Brussel
134;Cookie Dough - Oatmeal Rasin
135;Pear - Asian
136;Rum - Mount Gay Eclipes
137;Carbonated Water - Peach
138;Dr. Pepper - 355ml
139;Wine - Vidal Icewine Magnotta
140;Rye Special Old
141;Rice - Sushi
142;Asparagus - Mexican
143;Shichimi Togarashi Peppeers
144;Tuna - Loin
145;Syrup - Monin - Granny Smith
146;Gatorade - Lemon Lime
147;Tortillas - Flour, 12
148;Chicken Thigh - Bone Out
149;Glaze - Apricot
150;Syrup - Golden, Lyles
151;Vinegar - White
152;Cheese - Swiss Sliced
153;Snapple Lemon Tea
154;Napkin - Dinner, White
155;The Pop Shoppe - Lime Rickey
156;Sauce - Cranberry
157;Pepsi - 600ml
158;Syrup - Monin, Swiss Choclate
159;Lid - 10,12,16 Oz
160;Table Cloth 81x81 White
161;Beef - Tender Tips
162;Lamb - Whole Head Off
163;Cheese - Wine
164;Onions Granulated
165;Sambuca Cream
166;Peas Snow
167;Table Cloth 91x91 Colour
168;Beef - Salted
169;Nantucket - Orange Mango Cktl
170;Tofu - Soft
171;Cheese - Gouda
172;Cumin - Ground
173;Lambcasing
174;Wine - Lou Black Shiraz
175;Wine - Vineland Estate Semi - Dry
176;Flour - Strong
177;Blueberries - Frozen
178;Chilli Paste, Ginger Garlic
179;Chicken Thigh - Bone Out
180;Cheese - Romano, Grated
181;Garlic - Peeled
182;Wine - Peller Estates Late
183;Cake - Mini Potato Pancake
184;Appetizer - Mushroom Tart
185;Soup - Campbells, Cream Of
186;Pork - Side Ribs
187;Basil - Dry, Rubbed
188;Appetizer - Spring Roll, Veg
189;Wine - Vovray Sec Domaine Huet
190;Muffin Mix - Blueberry
191;Bread - Raisin Walnut Pull
192;Barley - Pearl
193;Flour - All Purpose
194;Wine - Cotes Du Rhone Parallele
195;Cup - Paper 10oz 92959
196;Beef - Tenderlion, Center Cut
197;Soup Campbells Split Pea And Ham
198;Steampan Lid
199;Container - Clear 16 Oz
200;Coffee - Decafenated
201;Buffalo - Short Rib Fresh
202;Oil - Cooking Spray
203;Vinegar - Sherry
204;Doilies - 8, Paper
205;Lamb Leg - Bone - In Nz
206;Hipnotiq Liquor
207;Oil - Pumpkinseed
208;Lettuce - Radicchio
209;Cheese - Grie Des Champ
210;Swordfish Loin Portions
211;Beans - Black Bean, Canned
212;Mikes Hard Lemonade
213;Lettuce - Frisee
214;Tea - Apple Green Tea
215;Cheese - Gouda
216;Wine - Zonnebloem Pinotage
217;Chips - Doritos
218;Cheese - La Sauvagine
219;Lettuce - Red Leaf
220;Soup - Campbells Broccoli
221;Langers - Ruby Red Grapfruit
222;Lamb Tenderloin Nz Fr
223;Steamers White
224;Fish - Bones
225;Potatoes - Parissienne
226;Pasta - Gnocchi, Potato
227;Scallops - In Shell
228;Glove - Cutting
229;Bread - Pain Au Liat X12
230;Cookie Dough - Peanut Butter
231;Beans - Kidney, Canned
232;Wine - Two Oceans Cabernet
233;Nut - Almond, Blanched, Ground
234;Island Oasis - Peach Daiquiri
235;Seabream Whole Farmed
236;Tamarillo
237;Bacardi Limon
238;Beef Dry Aged Tenderloin Aaa
239;Pork - Chop, Frenched
240;Pastry - French Mini Assorted
241;Kahlua
242;Syrup - Golden, Lyles
243;Soup Campbells Split Pea And Ham
244;Squid Ink
245;Bread - Focaccia Quarter
246;French Pastries
247;Crackers - Soda / Saltins
248;Lobak
249;Chocolate Bar - Reese Pieces
250;Veal - Brisket, Provimi,bnls
251;Garam Masala Powder
252;Yukon Jack
253;Muffin Hinge 117n
254;Vodka - Lemon, Absolut
255;Appetizer - Mango Chevre
256;Wine - Zonnebloem Pinotage
257;Pur Value
258;Cocoa Butter
259;Nestea - Iced Tea
260;Syrup - Chocolate
261;Chocolate - White
262;Brownies - Two Bite, Chocolate
263;Pea - Snow
264;Vaccum Bag 10x13
265;Potatoes - Pei 10 Oz
266;Rolled Oats
267;Sea Bass - Fillets
268;Soup - Tomato Mush. Florentine
269;Muffin Mix - Banana Nut
270;Artichokes - Knobless, White
271;Schnappes Peppermint - Walker
272;Shiratamako - Rice Flour
273;Pepper - Julienne, Frozen
274;Cookie - Oreo 100x2
275;Wine - Red Oakridge Merlot
276;Eggwhite Frozen
277;Sping Loaded Cup Dispenser
278;Plastic Arrow Stir Stick
279;Flower - Commercial Bronze
280;Ham - Proscuitto
281;Kellogs Special K Cereal
282;Chocolate - Dark
283;Mangoes
284;Pepper - Cayenne
285;Wine - George Duboeuf Rose
286;Mushroom - Oyster, Fresh
287;Beef - Tenderlion, Center Cut
288;Longos - Grilled Salmon With Bbq
289;Oil - Shortening - All - Purpose
290;Sugar - Monocystal / Rock
291;Bar - Granola Trail Mix Fruit Nut
292;Appetizer - Sausage Rolls
293;Silicone Parch. 16.3x24.3
294;Edible Flower - Mixed
295;Catfish - Fillets
296;Papadam
297;Liqueur Banana, Ramazzotti
298;Syrup - Monin, Swiss Choclate
299;Wine - Toasted Head
300;Corn Syrup
301;Pepper - Black, Ground
302;Bread - Pumpernickle, Rounds
303;Cake - Night And Day Choclate
304;Cheese - Brick With Onion
305;Ecolab - Medallion
306;Frangelico
307;Arizona - Plum Green Tea
308;Yoplait - Strawbrasp Peac
309;Soup - Knorr, Ministrone
