product_name,amount
Table Cloth 54x72 White,153
Papadam,229
Jam - Raspberry,jar,95
Kellogs Cereal In A Cup,123
Chocolate - Liqueur Cups With Foil,236
Steampan - Foil,172
Veal - Nuckle,192
Longos - Grilled Salmon With Bbq,298
Bagelers - Cinn / Brown Sugar,226
Chips Potato All Dressed - 43g,38
Steam Pan Full Lid,220
Juice - Apple 284ml,255
Apples - Spartan,80
Cheese - Camembert,61
Wine - Domaine Boyar Royal,191
Bread - Mini Hamburger Bun,86
Baking Powder,203
Veal Inside - Provimi,207
Pop Shoppe Cream Soda,146
Tomatoes - Vine Ripe, Red,193
Wine - Chateau Timberlay,212
Carbonated Water - Blackcherry,18
Yogurt - Raspberry, 175 Gr,114
Bread - Italian Sesame Poly,150
Artichokes - Knobless, White,285
Mahi Mahi,3
Gatorade - Cool Blue Raspberry,63
Marzipan 50/50,141
Sauce Bbq Smokey,220
Pastry - Carrot Muffin - Mini,15
Coffee - Dark Roast,257
Nantucket Apple Juice,218
Pesto - Primerba, Paste,115
Straws - Cocktale,246
Beer - Sleeman Fine Porter,282
Eggplant Italian,205
Cheese - Havarti, Salsa,121
Wine - White, Pelee Island,199
Soup - Clam Chowder, Dry Mix,18
Veal - Inside Round / Top, Lean,56
Rosemary - Fresh,254
Soup - French Onion,261
Iced Tea - Lemon, 340ml,155
Chickhen - Chicken Phyllo,223
Jerusalem Artichoke,226
Artichokes - Jerusalem,182
Salt - Celery,160
Brownies - Two Bite, Chocolate,133
Table Cloth 62x120 Colour,224
Cakes Assorted,193
Grouper - Fresh,195
Paste - Black Olive,283
Turnip - White, Organic,213
Soup - French Onion,204
Caviar - Salmon,173
Amarula Cream,284
Breakfast Quesadillas,42
Nantucket - Orange Mango Cktl,232
Lettuce - California Mix,99
Kaffir Lime Leaves,112
Wine - Ice Wine,155
Bread Base - Goodhearth,238
Energy Drink Bawls,299
Beer - Camerons Cream Ale,168
Arizona - Plum Green Tea,146
Eggplant - Asian,33
Soup - Knorr, Chicken Noodle,81
Wine - Magnotta, White,289
Wine - Clavet Saint Emilion,27
Wine - Cotes Du Rhone Parallele,89
Carbonated Water - Orange,133
Tart Shells - Savory, 3,104
Walkers Special Old Whiskey,255
Soup - Campbells Beef Strogonoff,30
Cheese - Le Cru Du Clocher,73
Appetizer - Crab And Brie,161
Wine - Manischewitz Concord,220
Wine - Zinfandel Rosenblum,65
Pate - Cognac,139
Burger Veggie,198
Island Oasis - Banana Daiquiri,83
Cheese - Perron Cheddar,300
Tomatoes - Grape,245
Frangelico,105
Jolt Cola - Electric Blue,26
Paper Towel Touchless,78
Pork - Bacon,back Peameal,239
Dr. Pepper - 355ml,39
Nut - Walnut, Chopped,70
Soup - Cream Of Broccoli,4
Pan Grease,141
Fondant - Icing,74
Beans - Turtle, Black, Dry,65
Sandwich Wrap,235
Soup - Campbells Chili Veg,154
Mayonnaise - Individual Pkg,179
Compound - Raspberry,244
Shiro Miso,71
Cheese Cheddar Processed,223
Irish Cream - Butterscotch,243
Flour - Rye,233
Lettuce - Lolla Rosa,71
Pasta - Fusili Tri - Coloured,225
Parsley - Dried,300
Cake - Miini Cheesecake Cherry,99
Cookie Dough - Chocolate Chip,85
Longos - Grilled Veg Sandwiches,115
Durian Fruit,194
Appetizer - Spring Roll, Veg,157
Mint - Fresh,298
Potatoes - Idaho 80 Count,3
Squash - Acorn,141
Ham - Cooked Italian,24
Bread - French Baquette,30
Lettuce - Romaine, Heart,60
Wine - Niagara,vqa Reisling,34
Peach - Halves,172
Icecream Cone - Areo Chocolate,168
Pate Pans Yellow,201
Quail - Whole, Bone - In,114
Mackerel Whole Fresh,239
Soup - Base Broth Beef,87
Coconut - Creamed, Pure,45
Grapefruit - White,207
Lemonade - Kiwi, 591 Ml,219
Wine - Alsace Gewurztraminer,65
Muffin Hinge Container 6,144
Parsley - Dried,131
Lid Tray - 12in Dome,258
Arctic Char - Fresh, Whole,105
Straw - Regular,162
Muffin Mix - Banana Nut,255
Mushroom - Enoki, Fresh,277
Drambuie,244
Bread - French Stick,233
Cookie Dough - Chocolate Chip,199
Godiva White Chocolate,212
Flavouring - Rum,125
Cheese - Goat,117
Mortadella,140
Soupcontfoam16oz 116con,105
Table Cloth 120 Round White,187
Grouper - Fresh,104
Wine - Rubyport,131
Chicken - Breast, 5 - 7 Oz,163
Thyme - Lemon, Fresh,238
Mix - Cappucino Cocktail,236
Soup - Knorr, French Onion,38
Pastry - Plain Baked Croissant,196
Pan Grease,272
Napkin - Cocktail,beige 2 - Ply,126
Jam - Raspberry,jar,282
Baking Powder,160
Longos - Grilled Salmon With Bbq,239
Garbage Bags - Clear,58
Plastic Arrow Stir Stick,127
Coffee Beans - Chocolate,43
Pear - Halves,45
Arrowroot,27
Plasticspoonblack,44
Cake Sheet Combo Party Pack,193
Soupfoamcont12oz 112con,119
Wine - Red, Metus Rose,53
Juice - Orange 1.89l,100
Cake - Cake Sheet Macaroon,265
Ecolab - Hobart Washarm End Cap,27
Bread - Flat Bread,107
Sauce Tomato Pouch,6
Coffee Cup 8oz 5338cd,194
Filling - Mince Meat,145
Fudge - Chocolate Fudge,294
Energy Drink,30
Wine - Sauvignon Blanc Oyster,142
Mix - Cocktail Strawberry Daiquiri,193
Veal - Heart,94
Nut - Peanut, Roasted,276
Table Cloth 62x120 White,125
Bread Base - Goodhearth,154
Veal - Ground,34
Juice - Propel Sport,116
Appetizer - Smoked Salmon / Dill,103
Soup - Campbells, Cream Of,224
Pasta - Lasagna Noodle, Frozen,36
Bananas,30
Oil - Sesame,268
Cinnamon - Stick,187
Absolut Citron,267
Bread - Bagels, Plain,32
Turkey - Breast, Double,297
Shrimp - Tiger 21/25,300
Flour - Cake,262
Soup - Campbells - Chicken Noodle,298
Tea - Mint,11
White Fish - Filets,223
Coriander - Ground,261
Bouillion - Fish,231
Lime Cordial - Roses,199
Jicama,137
Triple Sec - Mcguinness,206
Bread - Focaccia Quarter,292
Versatainer Nc - 888,247
Extract - Vanilla,artificial,23
Chicken - Base,163
Wine - Conde De Valdemar,272
Vodka - Smirnoff,105
Peas - Pigeon, Dry,95
Chocolate - Pistoles, Lactee, Milk,173
Stock - Veal, Brown,130
Flour - Teff,157
Flour - Teff,231
Cocoa Butter,155
Apple - Northern Spy,11
Wine - Touraine Azay - Le - Rideau,232
Coffee - Hazelnut Cream,256
Sea Bass - Fillets,136
Pasta - Lasagne, Fresh,205
Lettuce - Green Leaf,134
Pectin,107
Juice - Tomato, 10 Oz,136
Wine - Beringer Founders Estate,161
Sprouts - Alfalfa,176
Sugar - Palm,260
Pasta - Lasagna Noodle, Frozen,277
Muffin - Bran Ind Wrpd,124
Wine - Magnotta - Pinot Gris Sr,149
Island Oasis - Peach Daiquiri,172
Wine - Cave Springs Dry Riesling,126
Veal - Kidney,182
Daikon Radish,283
Sauce - Cranberry,78
Muffin Mix - Lemon Cranberry,106
Versatainer Nc - 888,255
Cheese - Provolone,235
Eel Fresh,199
Pie Box - Cello Window 2.5,200
Tea - Vanilla Chai,154
Shark - Loin,118
Soup - Knorr, Chicken Noodle,261
Cheese - Cambozola,67
Soho Lychee Liqueur,126
Wonton Wrappers,176
Cheese - Comtomme,60
Island Oasis - Lemonade,168
Coffee - Hazelnut Cream,129
Longos - Lasagna Beef,262
Beef - Top Butt,218
Coriander - Ground,300
Juice - Clam, 46 Oz,135
Prunes - Pitted,193
Wine - Ruffino Chianti,14
Flower - Commercial Spider,286
Squash - Butternut,263
Sauce - Roasted Red Pepper,146
Coriander - Seed,147
Cheese - Goat,205
Sugar - Monocystal / Rock,294
Chicken Giblets,206
Truffle - Whole Black Peeled,237
Mousse - Mango,158
Turnip - Wax,225
Oranges,224
Southern Comfort,231
Browning Caramel Glace,227
Wine - Semi Dry Riesling Vineland,170
Lettuce - Lambs Mash,166
Bread Fig And Almond,287
Oneshot Automatic Soap System,181
Cheese - Le Cru Du Clocher,100
Muffin Batt - Ban Dream Zero,154
Wine - Pinot Noir Stoneleigh,272
Soup - Cream Of Broccoli,224
Juice Peach Nectar,208
Pastry - Carrot Muffin - Mini,140
Water - Spring Water 500ml,242
Wine - Savigny - Les - Beaune,9
Lettuce - California Mix,132
Tortillas - Flour, 10,53
Pork - Side Ribs,297
Juice - Orange, 341 Ml,149
Shrimp - 16 - 20 Cooked, Peeled,51
Sprouts - Baby Pea Tendrils,265
Corn - Mini,23
Muffin Mix - Morning Glory,35
Pork - Loin, Center Cut,185
Mushroom - Oyster, Fresh,257
Vodka - Lemon, Absolut,225
Wine - Sogrape Mateus Rose,33
Cream Of Tartar,120
Flour - Semolina,66
Chef Hat 25cm,43
Leeks - Baby, White,152
Bagels Poppyseed,287
Honey - Liquid,149
Liners - Baking Cups,76
Beer - Paulaner Hefeweisse,84
Champagne - Brights, Dry,296
Soup - Campbells Beef Noodle,31
Soup - Knorr, Chicken Noodle,102
Bread - Multigrain,90
Squid - U 5,125
Tea - Black Currant,58
Sugar - Sweet N Low, Individual,152
Table Cloth 72x144 White,134
Cake - Mini Potato Pancake,179
Table Cloth 62x114 White,4
Sauce - Roasted Red Pepper,231
Sauce - Demi Glace,171
Cheese - Brie, Cups 125g,118
Oysters - Smoked,36
Catfish - Fillets,206
Salmon Steak - Cohoe 6 Oz,11
Spinach - Packaged,22
Tuna - Salad Premix,281
Soup - Cream Of Broccoli, Dry,24
Bagel - 12 Grain Preslice,59
Bread - Multigrain,122
Ocean Spray - Kiwi Strawberry,229
Broom And Brush Rack Black,6
Nut - Cashews, Whole, Raw,232
Beef - Tongue, Fresh,63
Iced Tea - Lemon, 460 Ml,85
Initation Crab Meat,9
Pie Shell - 5,255
Cocktail Napkin Blue,5
Jolt Cola,117
Jam - Blackberry, 20 Ml Jar,254
Cream Of Tartar,189
Chevril,84
Alize Sunset,108
Rum - Cream, Amarula,29
Marsala - Sperone, Fine, D.o.c.,248
Flavouring - Rum,129
Island Oasis - Mango Daiquiri,297
Yogurt - Assorted Pack,242
Lettuce - Curly Endive,161
Pork - Back Ribs,13
Longos - Chicken Wings,6
Mushrooms - Honey,265
Ginger - Ground,44
Soup V8 Roasted Red Pepper,267
Sauce - Oyster,202
Leeks - Baby, White,25
Wine - Sherry Dry Sack, William,247
Tuna - Canned, Flaked, Light,86
Pastry - Lemon Danish - Mini,242
Soupcontfoam16oz 116con,79
Plasticknivesblack,299
Wine - Penfolds Koonuga Hill,167
Dates,198
Bread - Crusty Italian Poly,280
Cherries - Maraschino,jar,225
Chocolate - White,108
Chinese Foods - Chicken,238
Mudslide,186
Bananas,179
Sour Puss Sour Apple,250
Orange Roughy 4/6 Oz,180
Nut - Pecan, Halves,166
Crab - Meat Combo,118
Macaroons - Homestyle Two Bit,245
Kellogs All Bran Bars,165
Pork - Tenderloin, Frozen,219
Beef - Diced,238
Halibut - Steaks,71
Jam - Raspberry,76
Corn Shoots,79
Pasta - Rotini, Colour, Dry,98
Rabbit - Whole,159
Vinegar - Balsamic, White,48
Pepper - Red Bell,63
Basil - Primerba, Paste,27
Ecolab - Orange Frc, Cleaner,225
Icecream Cone - Areo Chocolate,7
Cheese - Valancey,117
Lamb - Whole Head Off,nz,158
Bread Sour Rolls,277
Wine - Zinfandel California 2002,38
Cookie - Oatmeal,172
Ketchup - Tomato,275
Lobster - Live,293
Sprouts - Baby Pea Tendrils,183
Tomatillo,57
Wine - Black Tower Qr,38
Pepsi - 600ml,174
Dragon Fruit,249
Nut - Cashews, Whole, Raw,260
Potatoes - Yukon Gold 5 Oz,202
Chivas Regal - 12 Year Old,58
Oil - Canola,138
Beef - Diced,40
Lamb - Leg, Diced,186
Nestea - Iced Tea,237
Sugar - Brown, Individual,56
Dried Figs,125
Raisin - Dark,230
Tahini Paste,35
Wine - Tio Pepe Sherry Fino,123
Bag - Bread, White, Plain,63
Tea - Herbal Sweet Dreams,46
Mushroom - King Eryingii,82
Chef Hat 25cm,264
Capers - Pickled,284
Squash - Butternut,212
Steampan - Lid For Half Size,3
Bacardi Mojito,53
Venison - Racks Frenched,140
Juice - V8 Splash,139
Sachet,109
Veal - Inside,182
Fond - Neutral,196
Cheese - Shred Cheddar / Mozza,90
Wine - White Cab Sauv.on,297
Wine - White, Lindemans Bin 95,291
Mustard - Individual Pkg,294
Fond - Chocolate,103
Gatorade - Orange,174
Oil - Avocado,226
Bread - Pain Au Liat X12,47
Wine - Domaine Boyar Royal,233
Oregano - Fresh,173
Squid - Tubes / Tenticles 10/20,29
Shrimp - Black Tiger 8 - 12,273
Vodka - Hot, Lnferno,288
Beef - Diced,213
Wine - Red, Colio Cabernet,286
Spoon - Soup, Plastic,109
Wine - Cotes Du Rhone,132
Fuji Apples,8
Wine - Chateau Aqueria Tavel,241
Beans - Turtle, Black, Dry,132
Bread - Corn Muffaleta Onion,105
Carbonated Water - Blackcherry,7
Carbonated Water - Orange,86
Ice Cream Bar - Drumstick,170
Pasta - Orzo, Dry,49
Beef - Striploin Aa,115
Sunflower Seed Raw,220
Sponge Cake Mix - Chocolate,211
Water - Mineral, Natural,64
Flour - Strong Pizza,32
Nut - Pistachio, Shelled,288
Stock - Beef, White,64
Wine - Fat Bastard Merlot,118
Lettuce - Iceberg,241
Wine - Black Tower Qr,190
Sobe - Liz Blizz,217
Puree - Pear,14
Glass Clear 7 Oz Xl,2
Skirt - 29 Foot,218
Wine - Dubouef Macon - Villages,40
Sobe - Orange Carrot,295
Chocolate - Mi - Amere Semi,251
Sugar - Individual Portions,45
Onion Powder,288
Nestea - Iced Tea,133
Soup - Campbells - Chicken Noodle,15
Jam - Raspberry,205
Longos - Lasagna Veg,53
Thyme - Lemon, Fresh,198
Lid - 10,12,16 Oz,99
Tea - Mint,238
Cheese - Brie,154
Onions - Red,180
Bread - French Baquette,130
Butter Sweet,294
Cabbage - Green,139
French Pastries,134
Pur Value,243
Cheese - Roquefort Pappillon,133
Lettuce - Boston Bib,182
Pie Shells 10,197
Gin - Gilbeys London, Dry,181
Squash - Sunburst,189
Dill Weed - Fresh,32
Tomato - Tricolor Cherry,294
Beef - Montreal Smoked Brisket,107
Beef Dry Aged Tenderloin Aaa,261
Wine - Gato Negro Cabernet,136
Wine - White, Antinore Orvieto,279
Table Cloth 72x144 White,256
Brocolinni - Gaylan, Chinese,289
Pancetta,24
Mint - Fresh,250
Soup - Campbells, Creamy,3
Puree - Kiwi,298
Club Soda - Schweppes, 355 Ml,233
Beef - Shank,76
Soup Campbells Turkey Veg.,250
Fish - Atlantic Salmon, Cold,259
Beans - Kidney, Canned,168
Relish,263
Juice - Orange, Concentrate,149
Chicken - Base,123
Coffee - Cafe Moreno,296
Juice - Prune,149
Ham - Cooked,29
Rabbit - Whole,83
Pecan Raisin - Tarts,293
Yukon Jack,27
Muffin Batt - Blueberry Passion,281
Buttons,152
Sauce - Apple, Unsweetened,179
Milk 2% 500 Ml,91
Energy Drink Bawls,277
Chives - Fresh,282
Pizza Pizza Dough,177
Wine - Guy Sage Touraine,162
Praline Paste,299
Veal - Nuckle,48
Flour Pastry Super Fine,244
Pasta - Fettuccine, Dry,128
Mushroom - Chanterelle, Dry,65
Syrup - Monin - Passion Fruit,119
Sauce - Vodka Blush,122
Appetizer - Crab And Brie,265
Apricots - Halves,253
Pork - Back, Short Cut, Boneless,77
Pork - Backs - Boneless,234
Wine - Magnotta - Cab Franc,205
Ecolab - Ster Bac,191
Pastry - Mini French Pastries,300
Energy Drink - Franks Original,196
Bagel - Everything,160
Flour - Fast / Rapid,28
Flour - Fast / Rapid,38
Flour - Masa De Harina Mexican,242
Barley - Pearl,276
Nut - Almond, Blanched, Ground,266
Apple - Granny Smith,188
Pork - Kidney,290
Sauce - Mint,197
Coriander - Seed,242
Mix - Cappucino Cocktail,52
Lotus Root,160
Fudge - Cream Fudge,294
Oven Mitt - 13 Inch,75
Seedlings - Clamshell,213
Flavouring Vanilla Artificial,6
Pasta - Penne, Lisce, Dry,17
Cookie - Dough Variety,210
Melon - Honey Dew,61
Shrimp - Tiger 21/25,136
Beer - Maudite,181
Soup Campbells,209
Wine - Beaujolais Villages,128
Pasta - Fettuccine, Egg, Fresh,20
Muffin Hinge 117n,54
Star Anise, Whole,268
Ice Cream Bar - Hageen Daz To,42
Salsify, Organic,213
Lettuce - Treviso,78
Kellogs All Bran Bars,175
Chocolate - Feathers,209
Pepper - White, Whole,15
Shiratamako - Rice Flour,295
Chicken - Wieners,165
Campari,96
Pasta - Canelloni, Single Serve,90
Apricots Fresh,256
Eggplant - Regular,161
Baking Powder,75
Veal - Sweetbread,173
Wine - Wyndham Estate Bin 777,289
Hagen Daza - Dk Choocolate,46
Table Cloth 90x90 Colour,254
Soup - Campbells Mushroom,244
Amaretto,24
Creamers - 10%,249
Cheese - St. Paulin,41
Clementine,187
Salt And Pepper Mix - Black,164
Wine - Sake,102
Pineapple - Canned, Rings,27
Wine - Cabernet Sauvignon,48
Pork - Shoulder,224
Goat - Leg,96
Chips Potato All Dressed - 43g,133
Tomatoes - Hot House,96
Quail - Jumbo,147
Ostrich - Fan Fillet,41
Puree - Raspberry,56
Mix - Cocktail Strawberry Daiquiri,173
Mousse - Mango,18
Butter - Salted,200
Halibut - Fletches,131
Wine - White, Ej,165
Soup - Campbells Asian Noodle,73
Juice - Cranberry, 341 Ml,199
Pepper - Black, Crushed,280
Asparagus - Green, Fresh,91
Bar Nature Valley,159
Containter - 3oz Microwave Rect.,21
Soup - Knorr, Classic Can. Chili,113
Ecolab - Mikroklene 4/4 L,273
Juice - Apple, 500 Ml,29
Sugar - Splenda Sweetener,129
Garbag Bags - Black,14
Wine - White, Colubia Cresh,204
Muffin Mix - Corn Harvest,123
Onion - Dried,26
Muffin Batt - Ban Dream Zero,49
Duck - Legs,38
Muffin Mix - Lemon Cranberry,138
Beef - Salted,114
Pork Ham Prager,28
Ocean Spray - Ruby Red,220
Oil - Sesame,297
Campari,141
Pickerel - Fillets,145
Cheese - Montery Jack,72
Beer - Mill St Organic,93
Haggis,27
Basil - Thai,225
Tomato Paste,58
Filling - Mince Meat,291
Stock - Fish,207
Nori Sea Weed - Gold Label,103
Garam Masala Powder,16
Crackers - Trio,193
Chocolate - Milk, Callets,14
Chef Hat 20cm,37
Foam Cup 6 Oz,202
Table Cloth 90x90 Colour,51
Uniform Linen Charge,105
Sprouts - Corn,72
Lamb - Whole Head Off,nz,105
Beef - Ground Medium,296
Pork - Suckling Pig,1
Bread Crumbs - Panko,252
Apples - Sliced / Wedge,290
Sobe - Berry Energy,222
Capicola - Hot,114
Chevere Logs,242
Turnip - White, Organic,208
Corn - Cream, Canned,137
Wine - Vineland Estate Semi - Dry,245
Wine - Masi Valpolocell,193
Figs,117
Artichokes - Jerusalem,171
Juice Peach Nectar,253
Duck - Legs,42
Mackerel Whole Fresh,43
Pork - Backfat,234
Mangostein,121
Compound - Orange,39
Tofu - Soft,44
Bread - Wheat Baguette,86
Puree - Mocha,194
Bread - Frozen Basket Variety,74
Orange Roughy 4/6 Oz,26
Tea - Herbal I Love Lemon,98
Wine - Sake,166
Beef - Eye Of Round,93
Crush - Grape, 355 Ml,266
Tuna - Loin,181
Carrots - Purple, Organic,229
Milk - 2% 250 Ml,112
Nut - Macadamia,291
Dome Lid Clear P92008h,292
Wine - Muscadet Sur Lie,148
Cheese - Cheddar With Claret,246
Tomatoes Tear Drop Yellow,280
Appetizer - Veg Assortment,84
Mayonnaise - Individual Pkg,105
Pie Shell - 9,86
Lentils - Green Le Puy,280
Steel Wool,97
Greens Mustard,112
Cookie - Dough Variety,252
Coffee - Flavoured,204
Liquid Aminios Acid - Braggs,78
Wine - Rioja Campo Viejo,5
Beer - Original Organic Lager,212
Chinese Foods - Chicken,16
Bandage - Finger Cots,174
Buffalo - Striploin,212
Pears - Bosc,41
Emulsifier,114
Initation Crab Meat,23
Beer - Moosehead,158
Soap - Mr.clean Floor Soap,206
Tea - Decaf Lipton,148
Bacardi Breezer - Strawberry,286
Drambuie,281
Cherries - Bing, Canned,28
Beans - Black Bean, Preserved,180
Ice Cream Bar - Drumstick,176
Tendrils - Baby Pea, Organic,268
Appetizer - Sausage Rolls,180
Octopus - Baby, Cleaned,190
Pasta - Fusili, Dry,203
Tomatoes - Grape,37
Ecolab - Power Fusion,138
Sugar - Brown,228
Cookies - Englishbay Chochip,10
Chick Peas - Dried,132
Eggplant - Asian,79
Coffee Cup 16oz Foam,191
Mace Ground,164
Sauce - Sesame Thai Dressing,96
Wine - Lamancha Do Crianza,37
Tomatoes Tear Drop Yellow,213
Chilli Paste, Ginger Garlic,239
Capon - Whole,144
Cheese - Havarti, Roasted Garlic,18
Pork - Bacon, Sliced,251
Flour - Bran, Red,160
Mcguinness - Blue Curacao,91
Sesame Seed,223
Jam - Strawberry, 20 Ml Jar,190
Ice Cream - Fudge Bars,290
Sproutsmustard Cress,286
Dc - Sakura Fu,107
Beans - Fava Fresh,60
Chicken - Thigh, Bone In,128
Wine - Wyndham Estate Bin 777,130
Amarula Cream,207
Juice - Apple 284ml,118
Raisin - Dark,164
Coffee Cup 16oz Foam,41
Shrimp - Prawn,256
Wine - Pinot Noir Stoneleigh,96
Swiss Chard - Red,91
Sea Urchin,38
Mushroom - Portebello,187
Bread - Dark Rye, Loaf,88
Hummus - Spread,265
Napkin - Beverage 1 Ply,108
Dry Ice,239
Croissant, Raw - Mini,257
Bread Base - Toscano,274
Sauce - Salsa,188
Ecolab - Balanced Fusion,262
Scallops - 20/30,266
Lamb - Ground,17
Lumpfish Black,297
Fond - Neutral,119
Bread - Corn Muffaletta,263
Carbonated Water - Orange,206
Asparagus - Mexican,274
Sauce - Bernaise, Mix,100
Salt - Celery,188
Wine - Ej Gallo Sonoma,56
Steam Pan - Half Size Deep,101
Bread - Onion Focaccia,34
Container - Clear 16 Oz,20
Squash - Pattypan, Yellow,285
Clam - Cherrystone,175
Pepper - Chipotle, Canned,298
Foam Espresso Cup Plain White,31
Eel - Smoked,270
Wine - Sauvignon Blanc,260
Dill - Primerba, Paste,1
Cheese - Cheddar With Claret,223
Bread - Flat Bread,18
Soup - Knorr, Country Bean,208
Broccoli - Fresh,16
Chambord Royal,210
Wood Chips - Regular,248
Muffin Batt - Ban Dream Zero,270
Wine - Duboeuf Beaujolais,284
Mushroom - Chanterelle Frozen,60
Dikon,280
Sterno - Chafing Dish Fuel,244
Bread - French Baquette,102
Cookies - Amaretto,286
Muffin Mix - Morning Glory,55
Filter - Coffee,281
Oil - Sunflower,246
Soup - Campbells, Spinach Crm,232
Lidsoupcont Rp12dn,249
Juice - Mango,258
Muffin - Bran Ind Wrpd,186
Lighter - Bbq,34
Coffee Beans - Chocolate,117
Wine - Cotes Du Rhone Parallele,63
Sugar Thermometer,291
Bread Base - Italian,18
Sugar - Palm,144
Tart - Raisin And Pecan,103
Sauce - Cranberry,71
Pail - 4l White, With Handle,245
Scallops - 20/30,258
Horseradish Root,81
Wine - Delicato Merlot,287
Olive - Spread Tapenade,145
Muffin Hinge 117n,228
Wine - Port Late Bottled Vintage,257
Squash - Acorn,250
Hot Choc Vending,116
Wine - Zinfandel Rosenblum,89
Jerusalem Artichoke,30
Anchovy In Oil,158
Pate Pans Yellow,51
Beans - Black Bean, Preserved,299
Chocolate - Milk Coating,178
Garbage Bags - Clear,235
Wine - Conde De Valdemar,98
Liqueur Banana, Ramazzotti,212
Chip - Potato Dill Pickle,126
Cactus Pads,201
Apple - Fuji,198
Beets - Candy Cane, Organic,193
Marjoram - Dried, Rubbed,241
Dried Cranberries,293
Wine - Sauvignon Blanc Oyster,94
Bread - Rosemary Focaccia,260
Yogurt - French Vanilla,88
Puree - Guava,50
Ham - Smoked, Bone - In,46
Dill Weed - Dry,294
Yams,118
Muffin - Bran Ind Wrpd,132
Gloves - Goldtouch Disposable,120
Cumin - Ground,30
Shrimp - 16 - 20 Cooked, Peeled,262
Ice Cream - Life Savers,47
Lemonade - Mandarin, 591 Ml,178
Soap - Pine Sol Floor Cleaner,139
Stock - Beef, White,299
Juice - Clamato, 341 Ml,226
Sesame Seed,139
Chocolate - Unsweetened,273
Beer - Sleemans Cream Ale,259
True - Vue Containers,30
Lumpfish Black,104
Broom Handle,193
Shiro Miso,286
Soap - Hand Soap,166
Chicken - Tenderloin,179
Magnotta - Bel Paese White,114
Laundry - Bag Cloth,123
Rabbit - Frozen,43
Pork - Loin, Boneless,39
Wine - Prem Select Charddonany,141
Pork - Inside,237
Wine - White, Pinot Grigio,192
Frangelico,225
Bread - English Muffin,206
Lettuce - Romaine,76
Sugar - Fine,262
Rootbeer,75
Olive - Spread Tapenade,132
Chips - Potato Jalapeno,144
Bread Sour Rolls,219
Cheese - Fontina,258
Parsnip,68
Garbage Bags - Clear,269
Cheese - Augre Des Champs,112
Wine - Vouvray Cuvee Domaine,111
Chick Peas - Canned,39
Fenngreek Seed,209
Squid - Breaded,278
Chocolate - Feathers,86
Coffee - Beans, Whole,43
Foam Tray S2,117
Seedlings - Mix, Organic,96
Juice - Ocean Spray Cranberry,174
Mushroom - Morel Frozen,106
Jameson - Irish Whiskey,296
Containter - 3oz Microwave Rect.,110
Fish - Halibut, Cold Smoked,93
Bread Fig And Almond,25
Mousse - Passion Fruit,203
Pepper - Chipotle, Canned,36
Juice - Orange 1.89l,137
Durian Fruit,203
Lobster - Base,98
Bread - Sour Sticks With Onion,77
Eggs - Extra Large,178
Mussels - Frozen,117
Doilies - 10, Paper,220
White Fish - Filets,155
Island Oasis - Banana Daiquiri,89
Rum - White, Gg White,140
Wiberg Cure,51
Water - Spring Water, 355 Ml,29
Pepper - Pablano,262
Asparagus - Frozen,132
Pork - Backfat,237
Cheese - Valancey,228
Wine - Barossa Valley Estate,260
Quail - Whole, Boneless,286
Orange Roughy 6/8 Oz,284
Long Island Ice Tea,150
Bread - Flat Bread,33
Rum - Cream, Amarula,25
Lamb - Shoulder,124
Chips - Assorted,260
Puff Pastry - Slab,259
Jam - Raspberry,jar,139
Dc Hikiage Hira Huba,102
Ham - Proscuitto,250
Banana - Green,77
Tea - Lemon Green Tea,11
Bread - White Mini Epi,235
Vinegar - Cider,219
Split Peas - Yellow, Dry,51
Corn Syrup,170
Salmon - Whole, 4 - 6 Pounds,171
Bag - Clear 7 Lb,283
Oil - Shortening - All - Purpose,231
Pate - Peppercorn,128
Wine - Segura Viudas Aria Brut,89
Potatoes - Yukon Gold 5 Oz,260
Lettuce - Lolla Rosa,267
Cheese - Mozzarella, Shredded,117
Cheese - Le Cheve Noir,9
Daves Island Stinger,112
Nut - Pumpkin Seeds,218
Sausage - Blood Pudding,35
Banana - Green,165
Ecolab Silver Fusion,154
Lettuce - Spring Mix,44
Cheese - Cheddar, Old White,13
Nut - Almond, Blanched, Ground,104
Potatoes - Idaho 80 Count,160
Potatoes - Pei 10 Oz,165
Sprite - 355 Ml,215
Sword Pick Asst,241
Trueblue - Blueberry Cranberry,161
Dr. Pepper - 355ml,76
Beer - Upper Canada Lager,148
Muffin Mix - Raisin Bran,248
Clams - Bay,194
Lid - 0090 Clear,61
Compound - Passion Fruit,5
Wine - Red, Metus Rose,51
Pastry - Butterscotch Baked,298
Trout - Rainbow, Fresh,127
Brandy Apricot,246
Nut - Almond, Blanched, Ground,215
Bread - Rolls, Rye,163
Potatoes - Idaho 80 Count,36
Rice Wine - Aji Mirin,50
Fireball Whisky,53
Cheese - Colby,290
Appetizer - Seafood Assortment,19
Turkey - Ground. Lean,76
Carbonated Water - Raspberry,75
Chocolate - Chips Compound,196
Squid U5 - Thailand,292
Sage Derby,194
Wine - Taylors Reserve,199
Parasol Pick Stir Stick,187
Pepsi - Diet, 355 Ml,260
Watercress,71
Muffin Mix - Corn Harvest,298
Nut - Hazelnut, Ground, Natural,88
Sobe - Cranberry Grapefruit,138
Tea - Vanilla Chai,211
Oil - Olive,167
Bread - Kimel Stick Poly,11
Garlic,232
Sloe Gin - Mcguinness,177
Pasta - Lasagna, Dry,160
Corn Kernels - Frozen,141
Beer - Camerons Auburn,165
Pork - Tenderloin, Frozen,13
Plate Pie Foil,136
Sobe - Cranberry Grapefruit,92
Cream - 10%,73
Beets - Golden,246
Bread - Olive Dinner Roll,146
Turkey - Breast, Boneless Sk On,64
Mushroom - Chanterelle, Dry,280
Tart Shells - Sweet, 4,180
Island Oasis - Magarita Mix,247
Lettuce - Boston Bib - Organic,108
Beer - Mill St Organic,110
Ecolab Silver Fusion,176
Mustard - Individual Pkg,253
Liqueur Banana, Ramazzotti,136
Herb Du Provence - Primerba,233
Juice - Pineapple, 48 Oz,149
Pepper - Green,14
Island Oasis - Magarita Mix,59
Pants Custom Dry Clean,52
Pike - Frozen Fillet,157
Toamtoes 6x7 Select,248
Fish - Halibut, Cold Smoked,90
Cactus Pads,198
Pork - Sausage Casing,208
Ketchup - Tomato,295
Anchovy In Oil,20
Lettuce - Baby Salad Greens,39
Piping - Bags Quizna,228
Island Oasis - Banana Daiquiri,29
Bacardi Raspberry,239
Scotch - Queen Anne,231
Venison - Striploin,223
Beef - Tenderloin Tails,224
Rum - White, Gg White,266
Oil - Safflower,289
Yeast Dry - Fermipan,182
Wine - Vouvray Cuvee Domaine,1
Jolt Cola - Red Eye,12
Bread - Italian Corn Meal Poly,32
Wine - Tio Pepe Sherry Fino,87
Mahi Mahi,243
